ConfirmedDate;Institution;ServiceType;CurrencyCode;SettlementCurrencyCode;GrossAmount;NetAmount
01/01/2021;Amex;Chargeback Suspension;986;986;-95846,89;-93508,63
01/01/2021;Amex;Credit;986;840;242434,66;237585,77
01/01/2021;Amex;Credit;986;986;2613886,27;2555042,25
01/01/2021;Cabal;Credit;986;840;100;97,5
01/01/2021;Cabal;Credit;986;986;47719,8;46730,67
01/01/2021;Cabal;Debit;986;986;124510,89;121799,3
01/01/2021;Elo;Credit;986;986;9571464,1;9397645,85
01/01/2021;Elo;Debit;986;986;39943882,09;39592353,83
01/01/2021;Elo;Recovery of First Presentment;986;986;-4152,69;-4072,93
01/01/2021;Elo;Rejection of First Presentment;986;986;3929;3852,98
01/01/2021;Elo;SecondPresentment Release;986;986;1001,16;987,92
01/01/2021;Hiper;Chargeback;986;986;-42818,18;-42325,89
01/01/2021;Hiper;Chargeback Suspension;986;986;-140240,48;-138338,61
01/01/2021;Hiper;Credit;986;986;10533269,26;10336918,63
01/01/2021;Hiper;SecondPresentment;986;986;67225,68;66140,1
01/01/2021;Hiper;SecondPresentment Release;986;986;78947,79;77402,34
01/01/2021;Mastercard;Chargeback;840;840;-2670,56;-2640,83
01/01/2021;Mastercard;Chargeback;986;986;-479618,94;-473066,27
01/01/2021;Mastercard;Chargeback Suspension;986;986;-789598,09;-778529,45
01/01/2021;Mastercard;Credit;986;840;796602,57;784937,93
01/01/2021;Mastercard;Credit;986;986;188163726,8;185349838,8
01/01/2021;Mastercard;SecondPresentment;840;840;678,55;666,13
01/01/2021;Mastercard;SecondPresentment;840;986;13,91;13,71
01/01/2021;Mastercard;SecondPresentment;986;986;474117,92;467391,91
01/01/2021;Mastercard;SecondPresentment Release;986;986;412730,04;406334,61
01/01/2021;Visa;Chargeback;840;840;-1232,29;-1212,57
01/01/2021;Visa;Chargeback;986;986;-223602,85;-219968,75
01/01/2021;Visa;Chargeback Suspension;986;986;-261542,92;-256500,77
01/01/2021;Visa;Credit;986;840;1130222,05;1111432,58
01/01/2021;Visa;Credit;986;986;101689126,4;100160778,9
01/01/2021;Visa;Debit;986;840;74986,42;73761,19
01/01/2021;Visa;Debit;986;986;90031971,96;89516022,36
01/01/2021;Visa;SecondPresentment;986;986;32038,15;31526,47
01/01/2021;Visa;SecondPresentment Release;986;986;205549,3;201723,25
02/01/2021;Amex;Credit;986;840;128081,29;125519,52
02/01/2021;Amex;Credit;986;986;1520412,7;1485199,28
02/01/2021;Cabal;Credit;986;840;100;97,5
02/01/2021;Cabal;Credit;986;986;16432,25;16095,29
02/01/2021;Cabal;Debit;986;840;31;30,22
02/01/2021;Cabal;Debit;986;986;31540,74;30847,4
02/01/2021;Elo;Credit;986;986;14134776,79;13859026
02/01/2021;Elo;Debit;986;986;76610497,36;75901051,03
02/01/2021;Elo;Recovery of First Presentment;986;986;-3768,33;-3695,53
02/01/2021;Elo;Rejection of First Presentment;986;986;4725;4625,14
02/01/2021;Elo;SecondPresentment Release;986;986;538,51;531,27
02/01/2021;Hiper;Chargeback;986;986;-5430,84;-5326,77
02/01/2021;Hiper;Chargeback Suspension;986;986;-85549,86;-84634,94
02/01/2021;Hiper;Credit;986;986;6906956,99;6760604,59
02/01/2021;Hiper;SecondPresentment;986;986;3711,9;3659,7
02/01/2021;Hiper;SecondPresentment Release;986;986;7776,91;7635,26
02/01/2021;Mastercard;Chargeback;840;840;-371,72;-364,49
02/01/2021;Mastercard;Chargeback;986;986;-290999,1;-286978,78
02/01/2021;Mastercard;Chargeback Suspension;986;986;-407638,76;-401591,64
02/01/2021;Mastercard;Credit;986;840;442358,99;435513,13
02/01/2021;Mastercard;Credit;986;986;109807430,4;108081452,5
02/01/2021;Mastercard;SecondPresentment;840;840;1193;1169,14
02/01/2021;Mastercard;SecondPresentment;986;986;34754,02;34315,27
02/01/2021;Mastercard;SecondPresentment Release;986;986;208261,36;205134,58
02/01/2021;Visa;Chargeback;840;840;-587,64;-578,24
02/01/2021;Visa;Chargeback;986;986;-86661,74;-85339,65
02/01/2021;Visa;Chargeback Suspension;986;986;-87909,27;-86330,48
02/01/2021;Visa;Credit;986;840;576677,06;567068,11
02/01/2021;Visa;Credit;986;986;60382456,88;59411958,64
02/01/2021;Visa;Debit;986;840;20140,36;19817,98
02/01/2021;Visa;Debit;986;986;24210340,02;24069063,03
02/01/2021;Visa;SecondPresentment;840;840;267,56;263,28
02/01/2021;Visa;SecondPresentment;986;986;10627,85;10445,55
02/01/2021;Visa;SecondPresentment Release;986;986;28648,83;28160,38
03/01/2021;Amex;Credit;986;840;209580;205388,1
03/01/2021;Amex;Credit;986;986;2336874,37;2284216,07
03/01/2021;Cabal;Credit;986;840;123;120,78
03/01/2021;Cabal;Credit;986;986;27830,74;27294,19
03/01/2021;Cabal;Debit;986;986;63907,07;62521,53
03/01/2021;Elo;Credit;986;986;11595692,22;11377163,92
03/01/2021;Elo;Debit;986;986;54763586,26;54271610,68
03/01/2021;Elo;Recovery of First Presentment;986;986;-5359,08;-5254,33
03/01/2021;Elo;Rejection of First Presentment;986;986;3841;3764,41
03/01/2021;Elo;SecondPresentment Release;986;986;895,96;882,62
03/01/2021;Hiper;Chargeback Suspension;986;986;-6484,18;-6343,22
03/01/2021;Hiper;Credit;986;986;6484,18;6343,22
03/01/2021;Mastercard;Chargeback Suspension;986;986;-103516,05;-101769,06
03/01/2021;Mastercard;Credit;986;986;39798;39081,29
03/01/2021;Mastercard;SecondPresentment Release;986;986;63718,05;62687,77
03/01/2021;Visa;Chargeback;840;840;-303,89;-299,03
03/01/2021;Visa;Chargeback;986;986;-73679,17;-72130
03/01/2021;Visa;Chargeback Suspension;986;986;-51962,12;-50921,88
03/01/2021;Visa;Credit;986;840;1094073,6;1075912,78
03/01/2021;Visa;Credit;986;986;89673756,05;88266081,61
03/01/2021;Visa;Debit;986;840;55560,29;54669,92
03/01/2021;Visa;Debit;986;986;55944269,31;55619152,8
03/01/2021;Visa;SecondPresentment;986;986;17742,08;17443,68
03/01/2021;Visa;SecondPresentment Release;986;986;31688,18;31138,59
04/01/2021;Amex;Chargeback;840;840;-42,5;-41,65
04/01/2021;Amex;Chargeback;986;986;-6499,84;-6345,8
04/01/2021;Amex;Credit;986;840;150921,6;147903,03
04/01/2021;Amex;Credit;986;986;2244767,32;2193582,23
04/01/2021;Amex;SecondPresentment;840;840;183,63;179,96
04/01/2021;Amex;SecondPresentment;986;986;10006,36;9793,47
04/01/2021;Cabal;Credit;986;986;19727,08;19360,19
04/01/2021;Cabal;Debit;986;986;31291,56;30640,73
04/01/2021;Elo;Chargeback;986;986;-267517,52;-263362,47
04/01/2021;Elo;Credit;986;986;14003305,26;13675821,98
04/01/2021;Elo;Debit;986;986;108070773,3;107051557,8
04/01/2021;Elo;Recovery of First Presentment;986;986;51625,04;51374,65
04/01/2021;Elo;Rejection of First Presentment;986;986;1862;1805,78
04/01/2021;Elo;SecondPresentment;986;986;23094,1;22880,67
04/01/2021;Elo;SecondPresentment Release;986;986;1743,25;1713,02
04/01/2021;Hiper;Chargeback;986;986;-6334,72;-6268,16
04/01/2021;Hiper;Chargeback Suspension;986;986;-678,91;-663,73
04/01/2021;Hiper;Credit;986;986;17700381,91;17341780,77
04/01/2021;Hiper;SecondPresentment;986;986;6218,61;6118,94
04/01/2021;Hiper;SecondPresentment Release;986;986;15843,29;15601,46
04/01/2021;Mastercard;Chargeback;840;840;-10,35;-10,2
04/01/2021;Mastercard;Chargeback;986;986;-357554,45;-352508,59
04/01/2021;Mastercard;Chargeback SMS;986;986;-2741,99;-2721,62
04/01/2021;Mastercard;Chargeback Suspension;986;986;-240180,92;-236264,96
04/01/2021;Mastercard;Credit;986;840;1603370,06;1578622,23
04/01/2021;Mastercard;Credit;986;986;293110336,6;288640408,2
04/01/2021;Mastercard;Debit;986;840;409488,42;407078,54
04/01/2021;Mastercard;Debit;986;986;312685955,4;310689975,4
04/01/2021;Mastercard;FeeCollection;986;986;-775,88;-775,88
04/01/2021;Mastercard;SecondPresentment;840;840;102,32;100,28
04/01/2021;Mastercard;SecondPresentment;986;986;21691,72;21342,6
04/01/2021;Mastercard;SecondPresentment Release;986;986;261535,87;257744,76
04/01/2021;Visa;Chargeback;840;840;-477,68;-469,86
04/01/2021;Visa;Chargeback;986;986;-65984,32;-64861,68
04/01/2021;Visa;Chargeback Suspension;986;986;-71818,71;-70470,03
04/01/2021;Visa;Credit;986;840;936230,89;920673,2
04/01/2021;Visa;Credit;986;986;75204364,16;74007191,94
04/01/2021;Visa;Debit;986;840;30512,54;30024,94
04/01/2021;Visa;Debit;986;986;38801070,7;38573715,64
04/01/2021;Visa;SecondPresentment Release;986;986;33747,68;33187,89
05/01/2021;Amex;Credit;986;840;351098,08;344075,92
05/01/2021;Amex;Credit;986;986;2758923,07;2696602,2
05/01/2021;Cabal;Credit;986;986;26877,84;26326,06
05/01/2021;Cabal;Debit;986;986;90672,73;88797,33
05/01/2021;Elo;Chargeback;986;986;-121536,48;-119811,02
05/01/2021;Elo;Credit;986;986;17085894,94;16701314,75
05/01/2021;Elo;Debit;986;986;107943675,6;106911782,7
05/01/2021;Elo;Recovery of First Presentment;986;986;-4309,85;-4222,39
05/01/2021;Elo;Rejection of First Presentment;986;986;-1922;-1889,94
05/01/2021;Elo;SecondPresentment;986;986;6641,22;6525,8
05/01/2021;Elo;SecondPresentment Release;986;986;878,49;866,14
05/01/2021;Hiper;Chargeback;986;986;-71498,73;-70492,21
05/01/2021;Hiper;Credit;986;986;9396997,55;9215713,69
05/01/2021;Hiper;SecondPresentment;986;986;43874,89;43048,56
05/01/2021;Hiper;SecondPresentment Release;986;986;5296,91;5227,95
05/01/2021;Mastercard;Chargeback;840;840;-601,81;-589,87
05/01/2021;Mastercard;Chargeback;986;986;-507022,93;-500121,75
05/01/2021;Mastercard;Chargeback SMS;986;986;-4305,36;-4269,89
05/01/2021;Mastercard;Chargeback Suspension;986;986;-240242,71;-236812,97
05/01/2021;Mastercard;Credit;986;840;843001,95;830107,23
05/01/2021;Mastercard;Credit;986;986;129790694;127808754,3
05/01/2021;Mastercard;Debit;986;840;158955,99;158021,07
05/01/2021;Mastercard;Debit;986;986;122112488,3;121334672,9
05/01/2021;Mastercard;FeeCollection;986;986;-21937,6;-21937,6
05/01/2021;Mastercard;SecondPresentment;840;840;254,87;252,07
05/01/2021;Mastercard;SecondPresentment;986;986;457009,44;449749,85
05/01/2021;Mastercard;SecondPresentment Release;986;986;158175,12;155792,9
05/01/2021;Visa;Chargeback;840;840;-1479,09;-1455,23
05/01/2021;Visa;Chargeback;986;986;-254944,02;-252150,39
05/01/2021;Visa;Chargeback Suspension;986;986;-293724,55;-288337,12
05/01/2021;Visa;Credit;986;840;1520146,23;1494916,24
05/01/2021;Visa;Credit;986;986;88946234,76;87564071,35
05/01/2021;Visa;Debit;986;840;71835,64;70683,26
05/01/2021;Visa;Debit;986;986;73860773,87;73419079,85
05/01/2021;Visa;FeeCollection Disbursement;986;986;-1634,7;-1634,7
05/01/2021;Visa;SecondPresentment;986;986;5812,56;5764,32
05/01/2021;Visa;SecondPresentment Release;986;986;142834,43;140239,88
06/01/2021;Amex;Chargeback;840;840;-170,36;-166,95
06/01/2021;Amex;Chargeback;986;986;-34908,3;-34128,17
06/01/2021;Amex;Credit;986;840;368919,92;361541,33
06/01/2021;Amex;Credit;986;986;2606278,39;2547095,39
06/01/2021;Amex;SecondPresentment;986;986;4995;4883,61
06/01/2021;Cabal;Credit;986;840;158;154,05
06/01/2021;Cabal;Credit;986;986;34765,27;34023,09
06/01/2021;Cabal;Debit;986;840;57,19;56,59
06/01/2021;Cabal;Debit;986;986;88132,03;86329,39
06/01/2021;Elo;Chargeback;986;986;-423240;-419336,89
06/01/2021;Elo;Credit;986;986;17533658,49;17128465,96
06/01/2021;Elo;Debit;986;986;103509209,8;102504355,4
06/01/2021;Elo;Rejection of First Presentment;986;986;1830;1793,85
06/01/2021;Elo;SecondPresentment;986;986;487;474,75
06/01/2021;Elo;SecondPresentment Release;986;986;2666,94;2621,55
06/01/2021;Hiper;Chargeback;986;986;-130970,94;-129965,93
06/01/2021;Hiper;Chargeback Suspension;986;986;-106035,15;-104821,7
06/01/2021;Hiper;Credit;986;986;11951052,45;11714711,85
06/01/2021;Hiper;FeeCollection;986;986;-15355,71;-15355,71
06/01/2021;Hiper;SecondPresentment;986;986;3323,42;3306,74
06/01/2021;Hiper;SecondPresentment Release;986;986;47578,71;46790,43
06/01/2021;Mastercard;Chargeback;840;840;-15,17;-14,96
06/01/2021;Mastercard;Chargeback;986;986;-920662,4;-907951,76
06/01/2021;Mastercard;Chargeback SMS;986;986;-4954,31;-4904,75
06/01/2021;Mastercard;Chargeback Suspension;986;986;-724186,45;-714224,36
06/01/2021;Mastercard;Credit;986;840;1186420,35;1168499,79
06/01/2021;Mastercard;Credit;986;986;197269576,6;194262396,1
06/01/2021;Mastercard;Debit;986;840;119351,72;118652,62
06/01/2021;Mastercard;Debit;986;986;121025850;120251953,8
06/01/2021;Mastercard;FeeCollection;840;840;-408,86;-408,86
06/01/2021;Mastercard;FeeCollection;986;986;-287880,61;-287880,61
06/01/2021;Mastercard;SecondPresentment;840;840;6,73;6,66
06/01/2021;Mastercard;SecondPresentment;986;986;133450,49;131673,67
06/01/2021;Mastercard;SecondPresentment Release;986;986;467839,41;460928,33
06/01/2021;Visa;Chargeback;840;840;-2747,99;-2704,06
06/01/2021;Visa;Chargeback;986;986;38182,03;37353,2
06/01/2021;Visa;Chargeback Suspension;986;986;-202466,94;-198800,32
06/01/2021;Visa;Credit;986;840;1459864,25;1435526,45
06/01/2021;Visa;Credit;986;986;104130011,4;102506513,9
06/01/2021;Visa;Debit;986;840;69021,08;67921,07
06/01/2021;Visa;Debit;986;986;77839133,27;77375423,24
06/01/2021;Visa;SecondPresentment;840;840;242,4;238,52
06/01/2021;Visa;SecondPresentment;986;986;4480,87;4392,03
06/01/2021;Visa;SecondPresentment Release;986;986;83397,87;81948,72
07/01/2021;Amex;Chargeback;986;986;-18433,99;-17989,6
07/01/2021;Amex;Chargeback Suspension;986;986;-18322,26;-17882,88
07/01/2021;Amex;Credit;986;840;278389,78;272821,76
07/01/2021;Amex;Credit;986;986;2929767,87;2862759,14
07/01/2021;Cabal;Credit;986;986;31659,26;31026,93
07/01/2021;Cabal;Debit;986;840;5,99;5,84
07/01/2021;Cabal;Debit;986;986;81564,79;79788,25
07/01/2021;Elo;Chargeback;986;986;-17212;-17117,32
07/01/2021;Elo;Chargeback Suspension;986;986;-260782,98;-255637,33
07/01/2021;Elo;Credit;986;986;20014092,13;19709476,66
07/01/2021;Elo;Debit;986;986;106611123,1;106031463,2
07/01/2021;Elo;Recovery of First Presentment;986;986;-4250,7;-4164,4
07/01/2021;Elo;Rejection of First Presentment;986;986;4407;4313,3
07/01/2021;Elo;SecondPresentment;986;986;8104;7966,93
07/01/2021;Elo;SecondPresentment Release;986;986;1056,38;1036,21
07/01/2021;Hiper;Chargeback;986;986;-93043,08;-91925,6
07/01/2021;Hiper;Chargeback Suspension;986;986;-195702,99;-194401,99
07/01/2021;Hiper;Credit;986;986;11348377,55;11129190,18
07/01/2021;Hiper;FeeCollection;986;986;-5000;-5000
07/01/2021;Hiper;SecondPresentment;986;986;14734,32;14480,97
07/01/2021;Hiper;SecondPresentment Release;986;986;24512,98;24127,41
07/01/2021;Mastercard;Chargeback;840;840;-284,64;-279,53
07/01/2021;Mastercard;Chargeback;986;986;-663891,83;-654898,95
07/01/2021;Mastercard;Chargeback SMS;986;986;-1552,5;-1535,23
07/01/2021;Mastercard;Chargeback Suspension;986;986;-866406,94;-854362,27
07/01/2021;Mastercard;Credit;986;840;1113966,71;1097106,32
07/01/2021;Mastercard;Credit;986;986;190739371,4;187855189,4
07/01/2021;Mastercard;Debit;986;840;118379,7;117682,27
07/01/2021;Mastercard;Debit;986;986;130618154,7;129787153,3
07/01/2021;Mastercard;FeeCollection;840;840;-15,1;-15,1
07/01/2021;Mastercard;FeeCollection;986;986;-17195,9;-17195,9
07/01/2021;Mastercard;SecondPresentment;986;986;164283,01;161653,91
07/01/2021;Mastercard;SecondPresentment Release;986;986;358684,12;353286,99
07/01/2021;Visa;Chargeback;840;840;-522,28;-513,92
07/01/2021;Visa;Chargeback;986;986;-115018,69;-113432
07/01/2021;Visa;Chargeback Suspension;986;986;-294184,76;-288559,73
07/01/2021;Visa;Credit;986;840;1472359,04;1447466,6
07/01/2021;Visa;Credit;986;986;100487765,7;98914481,01
07/01/2021;Visa;Debit;986;840;65294,79;64211,46
07/01/2021;Visa;Debit;986;986;76656118,37;76196972,51
07/01/2021;Visa;SecondPresentment;840;840;660,18;649,62
07/01/2021;Visa;SecondPresentment;986;986;23784,03;23409,15
07/01/2021;Visa;SecondPresentment Release;986;986;102029,2;100211,69
08/01/2021;Amex;Chargeback;840;840;-754,69;-739,6
08/01/2021;Amex;Chargeback;986;986;-141954,47;-138648,6
08/01/2021;Amex;Chargeback Suspension;986;986;-40850,41;-39840,67
08/01/2021;Amex;Credit;986;840;246846,69;241909,48
08/01/2021;Amex;Credit;986;986;2957163,79;2889923,55
08/01/2021;Amex;SecondPresentment Release;986;986;800;778,08
08/01/2021;Cabal;Credit;986;840;311,6;303,81
08/01/2021;Cabal;Credit;986;986;43661,06;42728,43
08/01/2021;Cabal;Debit;986;986;121352,46;118888,27
08/01/2021;Elo;Chargeback Suspension;986;986;-52342,37;-51307,9
08/01/2021;Elo;Credit;986;986;20422632,97;20115918,5
08/01/2021;Elo;Debit;986;986;118372627,1;117728539,5
08/01/2021;Elo;Recovery of First Presentment;986;986;-4102,23;-4017,43
08/01/2021;Elo;Rejection of First Presentment;986;986;3312;3224,38
08/01/2021;Elo;SecondPresentment;986;986;56390;56015,37
08/01/2021;Elo;SecondPresentment Release;986;986;1003,47;984,62
08/01/2021;Hiper;Chargeback;986;986;-91112,85;-90374,32
08/01/2021;Hiper;Chargeback Suspension;986;986;-131838,01;-130571,87
08/01/2021;Hiper;Credit;986;986;13001968,01;12744392,12
08/01/2021;Hiper;SecondPresentment;986;986;21354,87;20986,71
08/01/2021;Hiper;SecondPresentment Release;986;986;50594,61;49781,73
08/01/2021;Mastercard;Chargeback;840;840;-1541,5;-1519,31
08/01/2021;Mastercard;Chargeback;986;986;-804722,61;-793426,91
08/01/2021;Mastercard;Chargeback SMS;840;840;-177,92;-176,76
08/01/2021;Mastercard;Chargeback SMS;986;986;-4861,82;-4826,86
08/01/2021;Mastercard;Chargeback Suspension;986;986;-885495,42;-872807,99
08/01/2021;Mastercard;Credit;986;840;1172870,04;1155476,28
08/01/2021;Mastercard;Credit;986;986;309618006,4;304664323,7
08/01/2021;Mastercard;Debit;986;840;153650,76;152743,43
08/01/2021;Mastercard;Debit;986;986;152285395,5;151319133,5
08/01/2021;Mastercard;FeeCollection;986;986;-466,35;-466,35
08/01/2021;Mastercard;SecondPresentment;840;840;100,88;98,88
08/01/2021;Mastercard;SecondPresentment;986;986;310189,74;305482,48
08/01/2021;Mastercard;SecondPresentment Release;986;986;484770,76;477112,41
08/01/2021;Visa;Chargeback;840;840;-1425,04;-1401,59
08/01/2021;Visa;Chargeback;986;986;-225050,81;-222041,24
08/01/2021;Visa;Chargeback Suspension;986;986;-288102,52;-282733,93
08/01/2021;Visa;Credit;986;840;1375793,15;1352902,46
08/01/2021;Visa;Credit;986;986;110529226,1;108783655,4
08/01/2021;Visa;Debit;986;840;75174,6;73970,23
08/01/2021;Visa;Debit;986;986;80357471,23;79876736,78
08/01/2021;Visa;SecondPresentment;840;840;140,17;137,93
08/01/2021;Visa;SecondPresentment;986;986;19621,06;19311,65
08/01/2021;Visa;SecondPresentment Release;986;986;246312,1;241879,34
06/01/2021;Amex;Chargeback;840;840;-170,36;-166,95
06/01/2021;Amex;Chargeback;986;986;-34908,3;-34128,17
06/01/2021;Amex;Credit;986;840;368919,92;361541,33
06/01/2021;Amex;Credit;986;986;2606278,39;2547095,39
06/01/2021;Amex;SecondPresentment;986;986;4995;4883,61
06/01/2021;Cabal;Credit;986;840;158;154,05
06/01/2021;Cabal;Credit;986;986;34765,27;34023,09
06/01/2021;Cabal;Debit;986;840;57,19;56,59
06/01/2021;Cabal;Debit;986;986;88132,03;86329,39
06/01/2021;Elo;Chargeback;986;986;-73328,14;-71845,47
06/01/2021;Elo;Credit;986;986;17533658,49;17128465,04
06/01/2021;Elo;Debit;986;986;103509209,8;102504355,4
06/01/2021;Elo;Rejection of First Presentment;986;986;1830;1793,85
06/01/2021;Elo;SecondPresentment;986;986;487;474,75
06/01/2021;Elo;SecondPresentment Release;986;986;2666,94;2621,55
06/01/2021;Hiper;Chargeback;986;986;-130970,94;-129965,93
06/01/2021;Hiper;Chargeback Suspension;986;986;-106035,15;-104821,7
06/01/2021;Hiper;Credit;986;986;11951052,45;11714711,85
06/01/2021;Hiper;FeeCollection;986;986;-15355,71;-15355,71
06/01/2021;Hiper;SecondPresentment;986;986;3323,42;3306,74
06/01/2021;Hiper;SecondPresentment Release;986;986;47578,71;46790,43
06/01/2021;Mastercard;Chargeback;840;840;-15,17;-14,96
06/01/2021;Mastercard;Chargeback;986;986;-920662,4;-907951,76
06/01/2021;Mastercard;Chargeback SMS;986;986;-4954,31;-4904,75
06/01/2021;Mastercard;Chargeback Suspension;986;986;-724186,45;-714224,36
06/01/2021;Mastercard;Credit;986;840;1186420,35;1168499,79
06/01/2021;Mastercard;Credit;986;986;197269576,6;194262396,1
06/01/2021;Mastercard;Debit;986;840;119351,72;118652,62
06/01/2021;Mastercard;Debit;986;986;121025850;120251953,8
06/01/2021;Mastercard;FeeCollection;840;840;-408,86;-408,86
06/01/2021;Mastercard;FeeCollection;986;986;-297055,51;-297055,51
06/01/2021;Mastercard;SecondPresentment;840;840;6,73;6,66
06/01/2021;Mastercard;SecondPresentment;986;986;133450,49;131673,67
06/01/2021;Mastercard;SecondPresentment Release;986;986;467839,41;460928,33
06/01/2021;Visa;Chargeback;840;840;-2747,99;-2704,06
06/01/2021;Visa;Chargeback;986;986;38182,03;37353,2
06/01/2021;Visa;Chargeback Suspension;986;986;-202466,94;-198800,32
06/01/2021;Visa;Credit;986;840;1459864,25;1435526,45
06/01/2021;Visa;Credit;986;986;104130011,4;102506513,9
06/01/2021;Visa;Debit;986;840;69021,08;67921,07
06/01/2021;Visa;Debit;986;986;77839133,27;77375423,24
06/01/2021;Visa;SecondPresentment;840;840;242,4;238,52
06/01/2021;Visa;SecondPresentment;986;986;4480,87;4392,03
06/01/2021;Visa;SecondPresentment Release;986;986;83397,87;81948,72
07/01/2021;Amex;Chargeback;986;986;-18433,99;-17989,6
07/01/2021;Amex;Chargeback Suspension;986;986;-18322,26;-17882,88
07/01/2021;Amex;Credit;986;840;278389,78;272821,76
07/01/2021;Amex;Credit;986;986;2929767,87;2862759,14
07/01/2021;Cabal;Credit;986;986;31659,26;31026,93
07/01/2021;Cabal;Debit;986;840;5,99;5,84
07/01/2021;Cabal;Debit;986;986;81564,79;79788,25
07/01/2021;Elo;Chargeback;986;986;-361071,74;-358650,23
07/01/2021;Elo;Chargeback Suspension;986;986;-260782,98;-255638,22
07/01/2021;Elo;Credit;986;986;20014092,13;19657865,76
07/01/2021;Elo;Debit;986;986;106611123,1;105563018,7
07/01/2021;Elo;Recovery of First Presentment;986;986;-4250,7;-4164,4
07/01/2021;Elo;Rejection of First Presentment;986;986;3796;3719,5
07/01/2021;Elo;SecondPresentment;986;986;8156,39;8018,24
07/01/2021;Elo;SecondPresentment Release;986;986;1056,38;1036,21
07/01/2021;Hiper;Chargeback;986;986;-93043,08;-91925,6
07/01/2021;Hiper;Chargeback Suspension;986;986;-195702,99;-194401,99
07/01/2021;Hiper;Credit;986;986;11348377,55;11129190,18
07/01/2021;Hiper;FeeCollection;986;986;-5000;-5000
07/01/2021;Hiper;SecondPresentment;986;986;14734,32;14480,97
07/01/2021;Hiper;SecondPresentment Release;986;986;24512,98;24127,41
07/01/2021;Mastercard;Chargeback;840;840;-284,64;-279,53
07/01/2021;Mastercard;Chargeback;986;986;-663891,83;-654898,95
07/01/2021;Mastercard;Chargeback SMS;986;986;-1552,5;-1535,23
07/01/2021;Mastercard;Chargeback Suspension;986;986;-866406,94;-854362,27
07/01/2021;Mastercard;Credit;986;840;1113966,71;1097106,32
07/01/2021;Mastercard;Credit;986;986;190739371,4;187855189,4
07/01/2021;Mastercard;Debit;986;840;118379,7;117682,27
07/01/2021;Mastercard;Debit;986;986;130618154,7;129787153,3
07/01/2021;Mastercard;FeeCollection;840;840;-15,1;-15,1
07/01/2021;Mastercard;FeeCollection;986;986;-26952,54;-26952,54
07/01/2021;Mastercard;SecondPresentment;986;986;164283,01;161653,91
07/01/2021;Mastercard;SecondPresentment Release;986;986;358684,12;353286,99
07/01/2021;Visa;Chargeback;840;840;-522,28;-513,92
07/01/2021;Visa;Chargeback;986;986;-115018,69;-113432
07/01/2021;Visa;Chargeback Suspension;986;986;-294184,76;-288559,73
07/01/2021;Visa;Credit;986;840;1472359,04;1447466,6
07/01/2021;Visa;Credit;986;986;100487765,7;98914481,01
07/01/2021;Visa;Debit;986;840;65294,79;64211,46
07/01/2021;Visa;Debit;986;986;76656118,37;76196972,51
07/01/2021;Visa;SecondPresentment;840;840;660,18;649,62
07/01/2021;Visa;SecondPresentment;986;986;23784,03;23409,15
07/01/2021;Visa;SecondPresentment Release;986;986;102029,2;100211,69
08/01/2021;Amex;Chargeback;840;840;-754,69;-739,6
08/01/2021;Amex;Chargeback;986;986;-141954,47;-138648,6
08/01/2021;Amex;Chargeback Suspension;986;986;-40850,41;-39840,67
08/01/2021;Amex;Credit;986;840;246846,69;241909,48
08/01/2021;Amex;Credit;986;986;2957163,79;2889923,55
08/01/2021;Amex;SecondPresentment Release;986;986;800;778,08
08/01/2021;Cabal;Credit;986;840;311,6;303,81
08/01/2021;Cabal;Credit;986;986;43661,06;42728,43
08/01/2021;Cabal;Debit;986;986;121352,46;118888,27
08/01/2021;Elo;Chargeback;986;986;-80043,09;-78452,47
08/01/2021;Elo;Chargeback Suspension;986;986;-52342,37;-51307,9
08/01/2021;Elo;Credit;986;986;20422632,97;20059200,85
08/01/2021;Elo;Debit;986;986;118372627,1;117199722,5
08/01/2021;Elo;Recovery of First Presentment;986;986;-4102,23;-4018,27
08/01/2021;Elo;Rejection of First Presentment;986;986;2566;2501,36
08/01/2021;Elo;SecondPresentment;986;986;56675,88;56299,39
08/01/2021;Elo;SecondPresentment Release;986;986;1003,47;984,62
08/01/2021;Hiper;Chargeback;986;986;-91112,85;-90374,32
08/01/2021;Hiper;Chargeback Suspension;986;986;-131838,01;-130571,87
08/01/2021;Hiper;Credit;986;986;13001968,01;12744392,12
08/01/2021;Hiper;SecondPresentment;986;986;21354,87;20986,71
08/01/2021;Hiper;SecondPresentment Release;986;986;50594,61;49781,73
08/01/2021;Mastercard;Chargeback;840;840;-1541,5;-1519,31
08/01/2021;Mastercard;Chargeback;986;986;-804722,61;-793426,91
08/01/2021;Mastercard;Chargeback SMS;840;840;-177,92;-176,76
08/01/2021;Mastercard;Chargeback SMS;986;986;-4861,82;-4826,86
08/01/2021;Mastercard;Chargeback Suspension;986;986;-885495,42;-872807,99
08/01/2021;Mastercard;Credit;986;840;1172870,04;1155476,28
08/01/2021;Mastercard;Credit;986;986;309618006,4;304664323,7
08/01/2021;Mastercard;Debit;986;840;153650,76;152743,43
08/01/2021;Mastercard;Debit;986;986;152285395,5;151319133,5
08/01/2021;Mastercard;FeeCollection;986;986;-2437;-2437
08/01/2021;Mastercard;SecondPresentment;840;840;100,88;98,88
08/01/2021;Mastercard;SecondPresentment;986;986;310189,74;305482,48
08/01/2021;Mastercard;SecondPresentment Release;986;986;484770,76;477112,41
08/01/2021;Visa;Chargeback;840;840;-1425,04;-1401,59
08/01/2021;Visa;Chargeback;986;986;-225050,81;-222041,24
08/01/2021;Visa;Chargeback Suspension;986;986;-288102,52;-282733,93
08/01/2021;Visa;Credit;986;840;1375793,15;1352902,46
08/01/2021;Visa;Credit;986;986;110529226,1;108783655,4
08/01/2021;Visa;Debit;986;840;75174,6;73970,23
08/01/2021;Visa;Debit;986;986;80357471,23;79876736,78
08/01/2021;Visa;SecondPresentment;840;840;140,17;137,93
08/01/2021;Visa;SecondPresentment;986;986;19621,06;19311,65
08/01/2021;Visa;SecondPresentment Release;986;986;246312,1;241879,34
09/01/2021;Amex;Chargeback Suspension;986;986;-7852,12;-7654,7
09/01/2021;Amex;Credit;986;840;393835,41;385958,46
09/01/2021;Amex;Credit;986;986;3377209,41;3300221,33
09/01/2021;Cabal;Credit;986;986;50266,03;49191,5
09/01/2021;Cabal;Debit;986;986;123826,74;121207,08
09/01/2021;Elo;Credit;986;986;20056810,1;19678805,92
09/01/2021;Elo;Debit;986;986;108253313,7;107423463,1
09/01/2021;Elo;Recovery of First Presentment;986;986;-4395,48;-4302,69
09/01/2021;Elo;Rejection of First Presentment;986;986;2514;2463,82
09/01/2021;Elo;SecondPresentment Release;986;986;1567,25;1540,83
09/01/2021;Hiper;Chargeback;986;986;-93694,63;-92665,22
09/01/2021;Hiper;Chargeback Suspension;986;986;-187158,17;-185987,67
09/01/2021;Hiper;Credit;986;986;12661882,74;12417200,73
09/01/2021;Hiper;FeeCollection;986;986;-84005,52;-84005,52
09/01/2021;Hiper;SecondPresentment Release;986;986;20460,73;20206,81
09/01/2021;Mastercard;Chargeback;840;840;-788,32;-772,61
09/01/2021;Mastercard;Chargeback;986;986;-940174,68;-927527,73
09/01/2021;Mastercard;Chargeback SMS;986;986;-42;-41,73
09/01/2021;Mastercard;Chargeback Suspension;986;986;-724515,59;-714077,71
09/01/2021;Mastercard;Credit;986;840;1066392,54;1050310,2
09/01/2021;Mastercard;Credit;986;986;218557321;215245478
09/01/2021;Mastercard;FeeCollection;840;840;-479,41;-479,41
09/01/2021;Mastercard;FeeCollection;986;986;-1009500,42;-1009500,42
09/01/2021;Mastercard;SecondPresentment;986;986;1621,8;1588,55
09/01/2021;Mastercard;SecondPresentment Release;986;986;267845,65;263714,88
09/01/2021;Visa;Chargeback;840;840;-1696,89;-1669,74
09/01/2021;Visa;Chargeback;986;986;-478606,77;-470794,19
09/01/2021;Visa;Chargeback Suspension;986;986;-467387,51;-458770,1
09/01/2021;Visa;Credit;986;840;1487779,6;1462891,29
09/01/2021;Visa;Credit;986;986;114543614,3;112748889,8
09/01/2021;Visa;Debit;986;840;115274,3;113432,42
09/01/2021;Visa;Debit;986;986;92566134,72;92015403
09/01/2021;Visa;FeeCollection;986;986;146,48;146,48
09/01/2021;Visa;SecondPresentment;986;986;8963,27;8797,01
09/01/2021;Visa;SecondPresentment Release;986;986;207421,93;203573,59
10/01/2021;Amex;Chargeback;840;840;-598,3;-586,33
10/01/2021;Amex;Chargeback Suspension;986;986;-150793,2;-147094,41
10/01/2021;Amex;Credit;986;840;192114,02;188271,51
10/01/2021;Amex;Credit;986;986;3081057,62;3010928,6
10/01/2021;Amex;SecondPresentment Release;986;986;3076,34;3000,05
10/01/2021;Cabal;Credit;986;986;43931,17;42958,26
10/01/2021;Cabal;Debit;986;840;79,9;77,9
10/01/2021;Cabal;Debit;986;986;113578,51;111107,95
10/01/2021;Elo;Chargeback Suspension;986;986;-98451,45;-96536,89
10/01/2021;Elo;Credit;986;986;14111303,5;13860518,19
10/01/2021;Elo;Debit;986;986;56810788,07;56389992,71
10/01/2021;Elo;Recovery of First Presentment;986;986;-3845,15;-3764,75
10/01/2021;Elo;Rejection of First Presentment;986;986;3070;3007,68
10/01/2021;Elo;SecondPresentment Release;986;986;2330,91;2288,47
10/01/2021;Hiper;Chargeback Suspension;986;986;-142690,88;-141640,67
10/01/2021;Hiper;Credit;986;986;134646,67;133753,85
10/01/2021;Hiper;SecondPresentment;986;986;18671,41;18396,32
10/01/2021;Hiper;SecondPresentment Release;986;986;8044,21;7886,82
10/01/2021;Mastercard;Chargeback SMS;986;986;-248,18;-246,99
10/01/2021;Mastercard;Chargeback Suspension;986;986;-445393,73;-439968,92
10/01/2021;Mastercard;Credit;986;986;347900,69;343885,93
10/01/2021;Mastercard;SecondPresentment;840;840;11,36;11,15
10/01/2021;Mastercard;SecondPresentment;986;986;227822,9;224742,85
10/01/2021;Mastercard;SecondPresentment Release;986;986;97493,04;96082,99
10/01/2021;Visa;Chargeback;840;840;-381,95;-375,79
10/01/2021;Visa;Chargeback;986;986;-311068,39;-305923,59
10/01/2021;Visa;Chargeback Suspension;986;986;-237593,4;-233051,01
10/01/2021;Visa;Credit;986;840;1171614,51;1152066,21
10/01/2021;Visa;Credit;986;986;114091584,9;112310523,9
10/01/2021;Visa;Debit;986;840;62684,53;61681,16
10/01/2021;Visa;Debit;986;986;86558621,75;86050025
10/01/2021;Visa;SecondPresentment;986;986;9792,56;9635,7
10/01/2021;Visa;SecondPresentment Release;986;986;119892,09;117679,1
11/01/2021;Amex;Chargeback;840;840;-350,77;-343,75
11/01/2021;Amex;Chargeback;986;986;-86378,67;-84384,16
11/01/2021;Amex;Credit;986;840;121612,3;119179,97
11/01/2021;Amex;Credit;986;986;2286594,57;2234599,71
11/01/2021;Amex;SecondPresentment;986;986;1493;1460,77
11/01/2021;Cabal;Credit;986;986;28651,55;28074,45
11/01/2021;Cabal;Debit;986;840;37;36,07
11/01/2021;Cabal;Debit;986;986;44348,42;43374,79
11/01/2021;Elo;Chargeback;986;986;-570605,15;-565810
11/01/2021;Elo;Credit;986;986;17080688,91;16673240,12
11/01/2021;Elo;Debit;986;986;93449741,26;92516530,75
11/01/2021;Elo;Recovery of First Presentment;986;986;-3650,06;-3572,86
11/01/2021;Elo;Rejection of First Presentment;986;986;1769;1739,36
11/01/2021;Elo;SecondPresentment;986;986;326123,4;323499,05
11/01/2021;Elo;SecondPresentment Release;986;986;3074,9;3077,7
11/01/2021;Hiper;Chargeback;986;986;-5126,48;-5046,87
11/01/2021;Hiper;Chargeback Suspension;986;986;-4153,66;-4053,13
11/01/2021;Hiper;Credit;986;986;21323580,85;20901850,99
11/01/2021;Hiper;FeeCollection;986;986;-4059,4;-4059,4
11/01/2021;Hiper;SecondPresentment;986;986;20386,94;19987,13
11/01/2021;Hiper;SecondPresentment Release;986;986;16550,75;16289,7
11/01/2021;Mastercard;Chargeback;840;840;-1003,67;-990,35
11/01/2021;Mastercard;Chargeback;986;986;-669319,9;-660246,64
11/01/2021;Mastercard;Chargeback SMS;986;986;-1910,34;-1894,16
11/01/2021;Mastercard;Chargeback Suspension;986;986;-437112,17;-430946,37
11/01/2021;Mastercard;Credit;986;840;1461722,93;1439558,48
11/01/2021;Mastercard;Credit;986;986;377145150,1;371433864,4
11/01/2021;Mastercard;Debit;986;840;356547,18;354479,36
11/01/2021;Mastercard;Debit;986;986;335432091,4;333307150,3
11/01/2021;Mastercard;FeeCollection;986;986;-15315,96;-15315,96
11/01/2021;Mastercard;SecondPresentment;840;840;477,7;468,16
11/01/2021;Mastercard;SecondPresentment;986;986;90263,31;88985,12
11/01/2021;Mastercard;SecondPresentment Release;986;986;294478,1;290162,32
11/01/2021;Visa;Chargeback;840;840;-1392,95;-1370,66
11/01/2021;Visa;Chargeback;986;986;-39374,87;-38658,13
11/01/2021;Visa;Chargeback Suspension;986;986;-40806,77;-39997,94
11/01/2021;Visa;Credit;986;840;770358,33;757564,39
11/01/2021;Visa;Credit;986;986;83866423,85;82547785,15
11/01/2021;Visa;Debit;986;840;30727,03;30237,72
11/01/2021;Visa;Debit;986;986;44143671,29;43886191,77
11/01/2021;Visa;SecondPresentment;986;986;17296,48;16988,64
11/01/2021;Visa;SecondPresentment Release;986;986;30318,9;29785,06
12/01/2021;Amex;Credit;986;840;257665,72;252512,26
12/01/2021;Amex;Credit;986;986;2941552,48;2875096,52
12/01/2021;Cabal;Credit;986;986;38009,17;37238,77
12/01/2021;Cabal;Debit;986;840;61,43;60,35
12/01/2021;Cabal;Debit;986;986;107015,28;104698,62
12/01/2021;Elo;Chargeback;986;986;-81932,83;-80279,44
12/01/2021;Elo;Credit;986;986;20307190,11;19839230,56
12/01/2021;Elo;Debit;986;986;91147597,01;90231754,81
12/01/2021;Elo;FeeCollection;986;986;32863,52;32863,52
12/01/2021;Elo;Recovery of First Presentment;986;986;-3867,97;-3787,39
12/01/2021;Elo;Rejection of First Presentment;986;986;1464;1435,15
12/01/2021;Elo;SecondPresentment;986;986;11665,74;11191,25
12/01/2021;Elo;SecondPresentment Release;986;986;1053,04;1035,12
12/01/2021;Hiper;Chargeback;986;986;-56407,85;-55679,04
12/01/2021;Hiper;Chargeback Suspension;986;986;-160,74;-156,6
12/01/2021;Hiper;Credit;986;986;11007956,97;10794620,79
12/01/2021;Hiper;SecondPresentment;986;986;68604,53;67843,42
12/01/2021;Hiper;SecondPresentment Release;986;986;9612,79;9498,02
12/01/2021;Mastercard;Chargeback;840;840;-2526,34;-2484,4
12/01/2021;Mastercard;Chargeback;986;986;-390975,11;-385770,11
12/01/2021;Mastercard;Chargeback SMS;840;840;-340,93;-338,72
12/01/2021;Mastercard;Chargeback SMS;986;986;-2340,76;-2319,56
12/01/2021;Mastercard;Chargeback Suspension;986;986;-163527,03;-160910,82
12/01/2021;Mastercard;Credit;986;840;1297392,42;1277935,46
12/01/2021;Mastercard;Credit;986;986;188869430,3;186056640,9
12/01/2021;Mastercard;Debit;986;840;124986,41;124257,05
12/01/2021;Mastercard;Debit;986;986;113708440,8;112978596,1
12/01/2021;Mastercard;FeeCollection;986;986;-980,52;-980,52
12/01/2021;Mastercard;SecondPresentment;840;840;239,52;234,81
12/01/2021;Mastercard;SecondPresentment;986;986;468057,83;461171,85
12/01/2021;Mastercard;SecondPresentment Release;986;986;130766,9;128992,44
12/01/2021;Visa;Chargeback;840;840;-669,87;-658,01
12/01/2021;Visa;Chargeback;986;986;-117065,95;-116111,22
12/01/2021;Visa;Chargeback Suspension;986;986;-396916,51;-389730,8
12/01/2021;Visa;Credit;986;840;1456871,15;1432755,2
12/01/2021;Visa;Credit;986;986;98488141,93;96961728,64
12/01/2021;Visa;Debit;986;840;58810,34;57871,86
12/01/2021;Visa;Debit;986;986;71183189,73;70753049,92
12/01/2021;Visa;SecondPresentment;986;986;55;53,72
12/01/2021;Visa;SecondPresentment Release;986;986;112503,79;110591,79
13/01/2021;Amex;Chargeback;986;986;-170730,99;-166888,69
13/01/2021;Amex;Chargeback Suspension;986;986;-99672,98;-97234,32
13/01/2021;Amex;Credit;986;840;326421,99;319893,32
13/01/2021;Amex;Credit;986;986;2817256,17;2751801,53
13/01/2021;Amex;SecondPresentment;986;986;1443,99;1408,3
13/01/2021;Cabal;Credit;986;986;39753,33;38911,07
13/01/2021;Cabal;Debit;986;986;93893,5;91880,15
13/01/2021;Elo;Chargeback;986;986;-1547,72;-1539,21
13/01/2021;Elo;Chargeback Suspension;986;986;-38056,2;-37310,88
13/01/2021;Elo;Credit;986;986;20901211,31;20417450,11
13/01/2021;Elo;Debit;986;986;88953471,3;88053622,47
13/01/2021;Elo;Recovery of First Presentment;986;986;-3491,14;-3415,45
13/01/2021;Elo;Rejection of First Presentment;986;986;1020;995,43
13/01/2021;Elo;SecondPresentment;986;986;66584,61;66169,18
13/01/2021;Elo;SecondPresentment Release;986;986;2127,16;2087,74
13/01/2021;Hiper;Chargeback;986;986;-28406,93;-27914,5
13/01/2021;Hiper;Chargeback Suspension;986;986;-97525,19;-96023,7
13/01/2021;Hiper;Credit;986;986;12014443,5;11776807,88
13/01/2021;Hiper;SecondPresentment;986;986;22284,59;21899,69
13/01/2021;Hiper;SecondPresentment Release;986;986;56056,03;55109,75
13/01/2021;Mastercard;Chargeback;840;840;-771,09;-757,79
13/01/2021;Mastercard;Chargeback;986;986;-565061,09;-557263,18
13/01/2021;Mastercard;Chargeback SMS;986;986;-1810,05;-1795,74
13/01/2021;Mastercard;Chargeback Suspension;986;986;-602952,02;-594576,53
13/01/2021;Mastercard;Credit;986;840;951352,28;936953,96
13/01/2021;Mastercard;Credit;986;986;208794477,4;205606833
13/01/2021;Mastercard;Debit;986;840;126646,67;125904,33
13/01/2021;Mastercard;Debit;986;986;113518136,2;112786855,3
13/01/2021;Mastercard;FeeCollection;986;986;-16040,38;-16040,38
13/01/2021;Mastercard;SecondPresentment;840;840;1061,54;1040,9
13/01/2021;Mastercard;SecondPresentment;986;986;281701,87;277542,94
13/01/2021;Mastercard;SecondPresentment Release;986;986;322555,94;318065,59
13/01/2021;Visa;Chargeback;840;840;-1825,63;-1791,31
13/01/2021;Visa;Chargeback;986;986;-369726,03;-363859,57
13/01/2021;Visa;Chargeback Suspension;986;840;897;882,65
13/01/2021;Visa;Chargeback Suspension;986;986;-286126,93;-280838,84
13/01/2021;Visa;Credit;986;840;1212801,3;1192697,22
13/01/2021;Visa;Credit;986;986;108179977,7;106477644
13/01/2021;Visa;Debit;986;840;60488,19;59507,56
13/01/2021;Visa;Debit;986;986;71755918,02;71322730,52
13/01/2021;Visa;FeeCollection;986;986;2631,13;2631,13
13/01/2021;Visa;Reversion of First Presentment;986;986;568,5;559,23
13/01/2021;Visa;SecondPresentment;840;840;257,5;253,38
13/01/2021;Visa;SecondPresentment Release;986;986;82031,59;80620,54
14/01/2021;Amex;Chargeback;986;986;-201117,58;-196599,84
14/01/2021;Amex;Chargeback Suspension;986;986;-184578,05;-180046,58
14/01/2021;Amex;Credit;986;840;248918,95;243940,27
14/01/2021;Amex;Credit;986;986;3270635,39;3193994,48
14/01/2021;Cabal;Credit;986;986;39946,56;39119,43
14/01/2021;Cabal;Debit;986;986;84696,96;83027,45
14/01/2021;Elo;Chargeback;986;986;-141580,55;-138709,34
14/01/2021;Elo;Chargeback Suspension;986;986;-38075,16;-37305,62
14/01/2021;Elo;Credit;986;986;21328296,21;20841138,85
14/01/2021;Elo;Debit;986;986;86281915,89;85404825,93
14/01/2021;Elo;Recovery of First Presentment;986;986;-3165,49;-3095,16
14/01/2021;Elo;Rejection of First Presentment;986;986;1009;978,42
14/01/2021;Elo;SecondPresentment;986;986;32516,87;32291,52
14/01/2021;Elo;SecondPresentment Release;986;986;3903,15;3828,37
14/01/2021;Hiper;Chargeback;986;986;-25854,5;-25558,71
14/01/2021;Hiper;Chargeback Suspension;986;986;-50285,32;-49427,63
14/01/2021;Hiper;Credit;986;986;11423979,25;11203526,31
14/01/2021;Hiper;SecondPresentment;986;986;24792,4;24432,17
14/01/2021;Hiper;SecondPresentment Release;986;986;52700,03;51912,85
14/01/2021;Mastercard;Chargeback;840;840;-3111,56;-3076,93
14/01/2021;Mastercard;Chargeback;986;986;-465744,95;-459422,6
14/01/2021;Mastercard;Chargeback SMS;986;986;-622,7;-616,97
14/01/2021;Mastercard;Chargeback Suspension;986;986;-565465,2;-557700,29
14/01/2021;Mastercard;Credit;986;840;1102678,62;1085667,29
14/01/2021;Mastercard;Credit;986;986;202652264;199570383,7
14/01/2021;Mastercard;Debit;986;840;132672,9;131902,6
14/01/2021;Mastercard;Debit;986;986;113615627;112884216,3
14/01/2021;Mastercard;FeeCollection;840;840;-1381,13;-1381,13
14/01/2021;Mastercard;FeeCollection;986;986;-10447,57;-10447,57
14/01/2021;Mastercard;SecondPresentment;840;840;1282,28;1256,68
14/01/2021;Mastercard;SecondPresentment;840;986;2,59;2,52
14/01/2021;Mastercard;SecondPresentment;986;986;310211,28;305707,81
14/01/2021;Mastercard;SecondPresentment Release;986;986;330325,45;325493,72
14/01/2021;Visa;Chargeback;840;840;-1005,6;-988,31
14/01/2021;Visa;Chargeback;986;986;-392583,5;-386239,29
14/01/2021;Visa;Chargeback Suspension;986;986;-397243,7;-389772,4
14/01/2021;Visa;Credit;986;840;1203329,24;1183269,51
14/01/2021;Visa;Credit;986;986;106629655,4;104971419,9
14/01/2021;Visa;Debit;986;840;86052,76;84660,2
14/01/2021;Visa;Debit;986;986;72578024,56;72139913,81
14/01/2021;Visa;FeeCollection;986;986;6142,86;6142,86
14/01/2021;Visa;FeeCollection Disbursement;986;986;-1545,9;-1545,9
14/01/2021;Visa;SecondPresentment;840;840;2224,47;2188,88
14/01/2021;Visa;SecondPresentment;986;986;29585,72;29128,58
14/01/2021;Visa;SecondPresentment Release;986;986;137232,48;134573,77
15/01/2021;Amex;Chargeback;986;986;-53788,72;-52523,14
15/01/2021;Amex;Chargeback Suspension;986;986;-82437,73;-80387,2
15/01/2021;Amex;Credit;986;840;268115,48;262752,92
15/01/2021;Amex;Credit;986;986;3192949,97;3119363,54
15/01/2021;Amex;SecondPresentment;840;840;598,3;586,33
15/01/2021;Amex;SecondPresentment;986;986;2698,16;2635,23
15/01/2021;Cabal;Credit;986;986;36714,02;35955,81
15/01/2021;Cabal;Debit;986;986;100342,22;98180,64
15/01/2021;Elo;Chargeback;986;986;-56843,21;-55771,92
15/01/2021;Elo;Credit;986;986;21337735,56;20853210,07
15/01/2021;Elo;Debit;986;986;96804891,49;95823788,3
15/01/2021;Elo;Recovery of First Presentment;986;986;-3146,05;-3075,33
15/01/2021;Elo;Rejection of First Presentment;986;986;2177;2126,76
15/01/2021;Elo;SecondPresentment;986;986;10517,35;10277,54
15/01/2021;Elo;SecondPresentment Release;986;986;1843,87;1805,36
15/01/2021;Hiper;Chargeback;986;986;-134638,99;-133413,74
15/01/2021;Hiper;Chargeback Suspension;986;986;-47052,25;-46410,66
15/01/2021;Hiper;Credit;986;986;12115421,29;11879424,1
15/01/2021;Hiper;SecondPresentment;986;986;22606,6;22200,94
15/01/2021;Hiper;SecondPresentment Release;986;986;48997,14;48292,88
15/01/2021;Mastercard;Chargeback;840;840;-4315,95;-4266,69
15/01/2021;Mastercard;Chargeback;986;986;-606425,48;-598923,82
15/01/2021;Mastercard;Chargeback SMS;986;986;-5873,31;-5832,4
15/01/2021;Mastercard;Chargeback Suspension;986;840;21,53;21,29
15/01/2021;Mastercard;Chargeback Suspension;986;986;-480825,12;-474212,8
15/01/2021;Mastercard;Credit;986;840;1001002,37;985804,44
15/01/2021;Mastercard;Credit;986;986;215750156,1;212438840,2
15/01/2021;Mastercard;Debit;986;840;130275,6;129524,05
15/01/2021;Mastercard;Debit;986;986;133413808,8;132560457,2
15/01/2021;Mastercard;FeeCollection;986;986;-26491,09;-26491,09
15/01/2021;Mastercard;SecondPresentment;840;840;536,41;528,16
15/01/2021;Mastercard;SecondPresentment;840;986;1,86;1,82
15/01/2021;Mastercard;SecondPresentment;986;986;237060,81;233506,49
15/01/2021;Mastercard;SecondPresentment Release;986;986;302561,62;298092,53
15/01/2021;Visa;Chargeback;840;840;-794,01;-779,68
15/01/2021;Visa;Chargeback;986;986;-338180,03;-332761,5
15/01/2021;Visa;Chargeback Suspension;986;840;402,13;395,69
15/01/2021;Visa;Chargeback Suspension;986;986;-342913,36;-336310,41
15/01/2021;Visa;Credit;986;840;1248310,18;1227559,36
15/01/2021;Visa;Credit;986;986;113963245,8;112179097,5
15/01/2021;Visa;Debit;986;840;46997,49;46241,32
15/01/2021;Visa;Debit;986;986;72228791,92;71792123,53
15/01/2021;Visa;SecondPresentment;840;840;539,51;530,88
15/01/2021;Visa;SecondPresentment;986;986;23604,42;23242,14
15/01/2021;Visa;SecondPresentment Release;986;986;228194,51;223730,48
16/01/2021;Amex;Chargeback Suspension;986;986;-132454,71;-129191,69
16/01/2021;Amex;Credit;986;840;301267,53;295241,94
16/01/2021;Amex;Credit;986;986;3624850,2;3542534,12
16/01/2021;Cabal;Credit;986;986;48009,24;46975,21
16/01/2021;Cabal;Debit;986;986;97231,15;95204,74
16/01/2021;Elo;Chargeback Suspension;986;986;-71991,37;-70753,14
16/01/2021;Elo;Credit;986;986;20516566,1;20077973,75
16/01/2021;Elo;Debit;986;986;94267907,38;93318758,67
16/01/2021;Elo;Recovery of First Presentment;986;986;-3336,31;-3262,58
16/01/2021;Elo;Rejection of First Presentment;986;986;1330;1290,92
16/01/2021;Elo;SecondPresentment Release;986;986;8159,6;8001,41
16/01/2021;Hiper;Chargeback;986;986;-328196,57;-325980,64
16/01/2021;Hiper;Chargeback Suspension;986;986;-211845,91;-210492,27
16/01/2021;Hiper;Credit;986;986;12091526,51;11863863,03
16/01/2021;Hiper;FeeCollection;986;986;-215544,76;-215544,76
16/01/2021;Hiper;SecondPresentment;986;986;34844,75;34474,69
16/01/2021;Hiper;SecondPresentment Release;986;986;29808,66;29493,55
16/01/2021;Mastercard;Chargeback;840;840;-7,09;-6,97
16/01/2021;Mastercard;Chargeback;986;986;-955915,99;-943293,17
16/01/2021;Mastercard;Chargeback Suspension;986;986;-829062,35;-819577,96
16/01/2021;Mastercard;Credit;986;840;988118,84;973289,25
16/01/2021;Mastercard;Credit;986;986;219097865,2;215788873,2
16/01/2021;Mastercard;FeeCollection;840;840;-2345,37;-2345,37
16/01/2021;Mastercard;FeeCollection;986;986;-1420767,64;-1420767,64
16/01/2021;Mastercard;SecondPresentment;840;840;701,76;690,36
16/01/2021;Mastercard;SecondPresentment;840;986;15,2;14,89
16/01/2021;Mastercard;SecondPresentment;986;986;295306,97;291139,4
16/01/2021;Mastercard;SecondPresentment Release;986;986;233392,52;230118,27
16/01/2021;Visa;Chargeback;840;840;-2377,98;-2334,75
16/01/2021;Visa;Chargeback;986;986;-655195,81;-644935,02
16/01/2021;Visa;Chargeback Suspension;986;840;30,53;29,96
16/01/2021;Visa;Chargeback Suspension;986;986;-600077,44;-588936,32
16/01/2021;Visa;Credit;986;840;1366836,03;1344086,18
16/01/2021;Visa;Credit;986;986;117706894,7;115880212,7
16/01/2021;Visa;Debit;986;840;67438,32;66358,56
16/01/2021;Visa;Debit;986;986;82785045,97;82289530,71
16/01/2021;Visa;SecondPresentment;840;840;664,41;653,78
16/01/2021;Visa;SecondPresentment;986;986;28422,71;28025,32
16/01/2021;Visa;SecondPresentment Release;986;986;163124,76;160272,23
17/01/2021;Amex;Chargeback Suspension;986;986;-80319,61;-78344,16
17/01/2021;Amex;Credit;986;840;193911,76;190033,37
17/01/2021;Amex;Credit;986;986;3096405,85;3026465,13
17/01/2021;Amex;SecondPresentment Release;986;986;3895;3802,02
17/01/2021;Cabal;Credit;986;986;41789,71;40891,63
17/01/2021;Cabal;Debit;986;840;1420,01;1384,51
17/01/2021;Cabal;Debit;986;986;78627,44;76969,62
17/01/2021;Elo;Chargeback Suspension;986;986;-36166,5;-35432,19
17/01/2021;Elo;Credit;986;986;14140289,91;13890067,79
17/01/2021;Elo;Debit;986;986;49520525,97;49046439
17/01/2021;Elo;Recovery of First Presentment;986;986;-3508,26;-3433,91
17/01/2021;Elo;Rejection of First Presentment;986;986;2449;2398,68
17/01/2021;Elo;SecondPresentment Release;986;986;12735,05;12483,73
17/01/2021;Hiper;Chargeback Suspension;986;986;-587544,76;-584485,72
17/01/2021;Hiper;Credit;986;986;586297,32;583255,05
17/01/2021;Hiper;SecondPresentment Release;986;986;1247,44;1230,67
17/01/2021;Mastercard;Chargeback SMS;986;986;-107,9;-106,61
17/01/2021;Mastercard;Chargeback Suspension;986;986;-413560,62;-408870,04
17/01/2021;Mastercard;Credit;986;986;351902,1;347948,4
17/01/2021;Mastercard;SecondPresentment Release;986;986;61658,52;60921,64
17/01/2021;Visa;Chargeback;840;840;-338,14;-332,73
17/01/2021;Visa;Chargeback;986;986;-326354,81;-320917,82
17/01/2021;Visa;Chargeback Suspension;986;986;-245420,76;-240803,45
17/01/2021;Visa;Credit;986;840;986312,14;969876,68
17/01/2021;Visa;Credit;986;986;116597737,8;114794833,8
17/01/2021;Visa;Debit;986;840;51411,29;50588,24
17/01/2021;Visa;Debit;986;986;80009467,82;79537766,17
17/01/2021;Visa;SecondPresentment;840;840;136,99;134,8
17/01/2021;Visa;SecondPresentment;986;986;9641,99;9469,63
17/01/2021;Visa;SecondPresentment Release;986;986;81223,88;79781,91
18/01/2021;Amex;Chargeback;840;840;-403,92;-395,84
18/01/2021;Amex;Chargeback;986;986;-148039,29;-144714,87
18/01/2021;Amex;Credit;986;840;120194,34;117790,24
18/01/2021;Amex;Credit;986;986;2269044,9;2217218,94
18/01/2021;Amex;SecondPresentment;986;986;4218,09;4116,23
18/01/2021;Cabal;Credit;986;986;23736,26;23216,99
18/01/2021;Cabal;Debit;986;840;21;20,47
18/01/2021;Cabal;Debit;986;986;32635,26;31945,9
18/01/2021;Elo;Chargeback;986;986;-4447;-4418,8
18/01/2021;Elo;Credit;986;986;15911414,41;15627126,61
18/01/2021;Elo;Debit;986;986;78438596,74;77640600,43
18/01/2021;Elo;Recovery of First Presentment;986;986;-3329,46;-3260,16
18/01/2021;Elo;Rejection of First Presentment;986;986;1825;1791,62
18/01/2021;Elo;SecondPresentment;986;986;7624,5;7440,08
18/01/2021;Elo;SecondPresentment Release;986;986;639,17;626,79
18/01/2021;Hiper;Chargeback;986;986;-236717,63;-235456,22
18/01/2021;Hiper;Chargeback Suspension;986;986;-362067,39;-359870,98
18/01/2021;Hiper;Credit;986;986;21055250,69;20655581,51
18/01/2021;Hiper;SecondPresentment;986;986;28163,71;27719,9
18/01/2021;Hiper;SecondPresentment Release;986;986;26920,58;26622,13
18/01/2021;Mastercard;Chargeback;840;840;-78,95;-77,93
18/01/2021;Mastercard;Chargeback;986;986;-810961,53;-799763,74
18/01/2021;Mastercard;Chargeback SMS;986;986;-3826,4;-3799,39
18/01/2021;Mastercard;Chargeback Suspension;986;986;-597052,8;-588093,68
18/01/2021;Mastercard;Credit;986;840;1278544,67;1259353,59
18/01/2021;Mastercard;Credit;986;986;372367309,8;366769575,8
18/01/2021;Mastercard;Debit;986;986;301632033,5;299706420,9
18/01/2021;Mastercard;FeeCollection;986;986;-51,52;-51,52
18/01/2021;Mastercard;SecondPresentment;840;840;2691,66;2662,01
18/01/2021;Mastercard;SecondPresentment;986;986;140945,31;138910,01
18/01/2021;Mastercard;SecondPresentment Release;986;986;367604,43;362276,08
18/01/2021;Visa;Chargeback;840;840;103,75;102,09
18/01/2021;Visa;Chargeback;986;986;-310,15;-324,32
18/01/2021;Visa;Credit;986;840;668806,71;657606,25
18/01/2021;Visa;Credit;986;986;80569855,27;79301987,75
18/01/2021;Visa;Debit;986;840;26141,55;25723,65
18/01/2021;Visa;Debit;986;986;40172322,69;39937478,62
18/01/2021;Visa;SecondPresentment;986;986;11586,26;11366,78
18/01/2021;Visa;SecondPresentment Release;986;986;21675,29;21309,5
19/01/2021;Amex;Chargeback;840;840;-1117,33;-1094,98
19/01/2021;Amex;Chargeback;986;986;-14281,41;-13946,41
19/01/2021;Amex;Credit;986;840;248834,25;243857,37
19/01/2021;Amex;Credit;986;986;2701591,54;2640483,35
19/01/2021;Amex;SecondPresentment;986;986;79823,99;78064,88
19/01/2021;Cabal;Credit;986;986;29791,56;29143,76
19/01/2021;Cabal;Debit;986;840;19,9;19,4
19/01/2021;Cabal;Debit;986;986;80218,68;78513,43
19/01/2021;Elo;Chargeback;986;986;-173889,69;-170218,68
19/01/2021;Elo;Credit;986;986;18323018,4;17998654,98
19/01/2021;Elo;Debit;986;986;84267059;83412498,23
19/01/2021;Elo;FeeCollection;986;986;709,16;709,16
19/01/2021;Elo;Recovery of First Presentment;986;986;-3319,98;-3250,79
19/01/2021;Elo;Rejection of First Presentment;986;986;1878;1835,35
19/01/2021;Elo;SecondPresentment;986;986;47324,72;46343,48
19/01/2021;Elo;SecondPresentment Release;986;986;2012,07;1987,19
19/01/2021;Hiper;Chargeback;986;986;-18275,8;-17989,11
19/01/2021;Hiper;Credit;986;986;9998307,66;9808002,78
19/01/2021;Hiper;FeeCollection;986;986;-943,09;-943,09
19/01/2021;Hiper;SecondPresentment;986;986;17942,59;17774,01
19/01/2021;Hiper;SecondPresentment Release;986;986;7262,63;7175,52
19/01/2021;Mastercard;Chargeback;840;840;-1158,82;-1138,49
19/01/2021;Mastercard;Chargeback;986;986;-463603,57;-457350,96
19/01/2021;Mastercard;Chargeback SMS;986;986;-3241,68;-3221,78
19/01/2021;Mastercard;Chargeback Suspension;986;986;-263226,89;-259391,05
19/01/2021;Mastercard;Credit;986;840;1006813,21;991469,05
19/01/2021;Mastercard;Credit;986;986;171089362,1;168507662,8
19/01/2021;Mastercard;Debit;986;840;389349,75;387078,89
19/01/2021;Mastercard;Debit;986;986;105504771,6;104825784,8
19/01/2021;Mastercard;FeeCollection;986;986;-43182,51;-43182,51
19/01/2021;Mastercard;SecondPresentment;840;840;47,24;46,53
19/01/2021;Mastercard;SecondPresentment;986;986;171270,04;168882,59
19/01/2021;Mastercard;SecondPresentment Release;986;986;138090,89;135947,48
19/01/2021;Visa;Chargeback;840;840;-3114,01;-3061,51
19/01/2021;Visa;Chargeback;986;986;-240276,67;-236525,84
19/01/2021;Visa;Chargeback Suspension;986;986;-317333,24;-311420,55
19/01/2021;Visa;Credit;986;840;1369694,34;1346597,53
19/01/2021;Visa;Credit;986;986;91620506,12;90197273,2
19/01/2021;Visa;Debit;986;840;80390,33;79103,3
19/01/2021;Visa;Debit;986;986;63251634,79;62867531,61
19/01/2021;Visa;SecondPresentment;986;986;2871,89;2808,73
19/01/2021;Visa;SecondPresentment Release;986;986;155451,14;152238,02
20/01/2021;Amex;Chargeback;986;986;-45524,37;-44481,01
20/01/2021;Amex;Chargeback Suspension;986;986;-142198,7;-138763,53
20/01/2021;Amex;Credit;986;840;177004,15;173463,83
20/01/2021;Amex;Credit;986;986;2752350,4;2689571,84
20/01/2021;Amex;SecondPresentment;986;986;4754,88;4645,22
20/01/2021;Cabal;Credit;986;840;118,3;115,34
20/01/2021;Cabal;Credit;986;986;37966;37144
20/01/2021;Cabal;Debit;986;986;74035,82;72593,42
20/01/2021;Elo;Chargeback;986;986;-1289,5;-1282,3
20/01/2021;Elo;Credit;986;986;18440170,52;18110142,92
20/01/2021;Elo;Debit;986;986;85313197,63;84447713,71
20/01/2021;Elo;Recovery of First Presentment;986;986;-3556,93;-3484,28
20/01/2021;Elo;Rejection of First Presentment;986;986;1625;1597,76
20/01/2021;Elo;SecondPresentment;986;986;48533,15;47955,96
20/01/2021;Elo;SecondPresentment Release;986;986;2525,36;2492,04
20/01/2021;Hiper;Chargeback;986;986;-115369,2;-114489,26
20/01/2021;Hiper;Chargeback Suspension;986;986;-241729,45;-240038,53
20/01/2021;Hiper;Credit;986;986;11084903,74;10868784,3
20/01/2021;Hiper;SecondPresentment;986;986;59190,08;58590,19
20/01/2021;Hiper;SecondPresentment Release;986;986;59654,12;58770,64
20/01/2021;Mastercard;Chargeback;840;840;-218,84;-214,54
20/01/2021;Mastercard;Chargeback;986;986;-603334,05;-594679,31
20/01/2021;Mastercard;Chargeback SMS;986;986;-5275,42;-5215,35
20/01/2021;Mastercard;Chargeback Suspension;986;986;-689057,89;-679753,67
20/01/2021;Mastercard;Credit;986;840;914055,99;900119,31
20/01/2021;Mastercard;Credit;986;986;195691107,1;192676988
20/01/2021;Mastercard;Debit;986;840;131809,54;131036,87
20/01/2021;Mastercard;Debit;986;986;109861540,9;109155165,1
20/01/2021;Mastercard;FeeCollection;986;986;-6597,65;-6597,65
20/01/2021;Mastercard;SecondPresentment;840;840;479,9;470,84
20/01/2021;Mastercard;SecondPresentment;986;986;517494,13;509798,96
20/01/2021;Mastercard;SecondPresentment Release;986;986;266893,86;263201,37
20/01/2021;Visa;Chargeback;840;840;-981,04;-965,31
20/01/2021;Visa;Chargeback;986;986;-523347,08;-515202,93
20/01/2021;Visa;Chargeback Suspension;986;986;-410434,1;-402928,8
20/01/2021;Visa;Credit;986;840;1195155,08;1175194,04
20/01/2021;Visa;Credit;986;986;104796151,5;103144563,1
20/01/2021;Visa;Debit;986;840;74347,68;73162,42
20/01/2021;Visa;Debit;986;986;67642796,84;67233724,91
20/01/2021;Visa;FeeCollection;986;986;525;525
20/01/2021;Visa;SecondPresentment Release;986;986;110254,3;108159,41
21/01/2021;Amex;Chargeback;986;986;-69548,46;-67956,45
21/01/2021;Amex;Chargeback Suspension;986;986;-17191,8;-16783,94
21/01/2021;Amex;Credit;986;840;252350,71;247303,6
21/01/2021;Amex;Credit;986;986;2957918,77;2890523,01
21/01/2021;Amex;SecondPresentment;986;986;2190,99;2143,31
21/01/2021;Cabal;Credit;986;986;41214,83;40311,2
21/01/2021;Cabal;Debit;986;840;30;29,25
21/01/2021;Cabal;Debit;986;986;75526,76;73958,67
21/01/2021;Elo;Chargeback;986;986;-111628,15;-109123,02
21/01/2021;Elo;Chargeback Suspension;986;986;-103698,78;-101510,56
21/01/2021;Elo;Credit;986;986;20549011,07;20167944,93
21/01/2021;Elo;Debit;986;986;85398606,9;84319829,28
21/01/2021;Elo;Recovery of First Presentment;986;986;-3415,82;-3346,18
21/01/2021;Elo;Rejection of First Presentment;986;986;2656;2602,88
21/01/2021;Elo;SecondPresentment;986;986;13354,44;13129,18
21/01/2021;Elo;SecondPresentment Release;986;986;9096,52;8911,62
21/01/2021;Hiper;Chargeback;986;986;-95115,63;-94738,77
21/01/2021;Hiper;Chargeback Suspension;986;986;-174631,96;-173966,13
21/01/2021;Hiper;Credit;986;986;10335811,67;10134799,09
21/01/2021;Hiper;FeeCollection;986;986;-2929,63;-2929,63
21/01/2021;Hiper;SecondPresentment;986;986;92877,07;91209,1
21/01/2021;Hiper;SecondPresentment Release;986;986;18346,03;18112,95
21/01/2021;Mastercard;Chargeback;840;840;-1394,58;-1369,44
21/01/2021;Mastercard;Chargeback;986;986;-338312,76;-334113,17
21/01/2021;Mastercard;Chargeback SMS;986;986;-4118,1;-4075,88
21/01/2021;Mastercard;Chargeback Suspension;986;986;-460784,93;-454854,87
21/01/2021;Mastercard;Credit;986;840;945005,05;930923,64
21/01/2021;Mastercard;Credit;986;986;193550965,6;190591735
21/01/2021;Mastercard;Debit;986;840;109468,06;108827,92
21/01/2021;Mastercard;Debit;986;986;111379902,5;110665350,7
21/01/2021;Mastercard;FeeCollection;986;986;-2329,68;-2329,68
21/01/2021;Mastercard;SecondPresentment;840;840;36,93;36,34
21/01/2021;Mastercard;SecondPresentment;840;986;1,89;1,82
21/01/2021;Mastercard;SecondPresentment;986;986;214582,69;211254,01
21/01/2021;Mastercard;SecondPresentment Release;986;986;258751,39;254893,99
21/01/2021;Visa;Chargeback;840;840;-882,46;-868,26
21/01/2021;Visa;Chargeback;986;986;-290616,85;-285780,65
21/01/2021;Visa;Chargeback Suspension;986;986;-288290,29;-283053,72
21/01/2021;Visa;Credit;986;840;1185752,82;1165926,75
21/01/2021;Visa;Credit;986;986;102376091,6;100769582,6
21/01/2021;Visa;Debit;986;840;48616,07;47837,55
21/01/2021;Visa;Debit;986;986;68503292,49;68089400,98
21/01/2021;Visa;SecondPresentment;840;840;280,34;274,73
21/01/2021;Visa;SecondPresentment;986;986;23748,13;23407,93
21/01/2021;Visa;SecondPresentment Release;986;986;91334,4;89572,25
22/01/2021;Amex;Chargeback;986;986;-18824,63;-18378,55
22/01/2021;Amex;Chargeback Suspension;986;986;-85189,66;-83145,82
22/01/2021;Amex;Credit;986;840;371265,58;363840,1
22/01/2021;Amex;Credit;986;986;3075700,97;3005707,96
22/01/2021;Amex;SecondPresentment Release;986;986;45,19;44,34
22/01/2021;Cabal;Credit;986;986;50369,08;49258,22
22/01/2021;Cabal;Debit;986;986;83049,81;81294,64
22/01/2021;Elo;Chargeback;986;986;-39584,16;-38872,96
22/01/2021;Elo;Credit;986;986;19307023,49;18946880,56
22/01/2021;Elo;Debit;986;986;93746211,51;92565253,06
22/01/2021;Elo;Recovery of First Presentment;986;986;-3844,06;-3768,37
22/01/2021;Elo;Rejection of First Presentment;986;986;3662;3586,4
22/01/2021;Elo;SecondPresentment;986;986;1013,99;988,45
22/01/2021;Elo;SecondPresentment Release;986;986;1594,32;1578,11
22/01/2021;Hiper;Chargeback;986;986;-447840,69;-445002,89
22/01/2021;Hiper;Chargeback Suspension;986;986;-559009,21;-557358,36
22/01/2021;Hiper;Credit;986;986;11430020,67;11212283,21
22/01/2021;Hiper;SecondPresentment;986;986;38856,68;38429,13
22/01/2021;Hiper;SecondPresentment Release;986;986;34563,74;34234,84
22/01/2021;Mastercard;Chargeback;840;840;-1291,73;-1269,59
22/01/2021;Mastercard;Chargeback;986;986;-1045981,24;-1031290,23
22/01/2021;Mastercard;Chargeback SMS;986;986;-3012,29;-2986,61
22/01/2021;Mastercard;Chargeback Suspension;986;986;-459833,65;-453317,41
22/01/2021;Mastercard;Credit;986;840;1037971,4;1022934,79
22/01/2021;Mastercard;Credit;986;986;210541701,3;207288199,3
22/01/2021;Mastercard;Debit;986;840;121761,73;121055,98
22/01/2021;Mastercard;Debit;986;986;123179527,1;122399518,5
22/01/2021;Mastercard;FeeCollection;986;986;-3657,7;-3657,7
22/01/2021;Mastercard;SecondPresentment;840;840;1499,96;1471,95
22/01/2021;Mastercard;SecondPresentment;840;986;5,66;5,59
22/01/2021;Mastercard;SecondPresentment;986;986;284188;280001,09
22/01/2021;Mastercard;SecondPresentment Release;986;986;307289,81;302841,43
22/01/2021;Visa;Chargeback;840;840;-987,5;-971,7
22/01/2021;Visa;Chargeback;986;986;-423932,92;-417083,67
22/01/2021;Visa;Chargeback Suspension;986;986;-457506,13;-449285,34
22/01/2021;Visa;Credit;986;840;1237915,34;1217211,05
22/01/2021;Visa;Credit;986;986;113876218,1;112077123,5
22/01/2021;Visa;Debit;986;840;71220,22;70080,32
22/01/2021;Visa;Debit;986;986;72325514,92;71886829,1
22/01/2021;Visa;SecondPresentment;986;986;59463,76;58374,65
22/01/2021;Visa;SecondPresentment Release;986;986;265093,91;259982,07
23/01/2021;Amex;Chargeback Suspension;986;986;-115227,16;-112443,13
23/01/2021;Amex;Credit;986;840;251217,7;246193,24
23/01/2021;Amex;Credit;986;986;3542904,02;3462849,17
23/01/2021;Amex;SecondPresentment;986;986;1008;983,91
23/01/2021;Amex;SecondPresentment Release;986;986;2000;1962,2
23/01/2021;Cabal;Credit;986;986;47618,68;46595,59
23/01/2021;Cabal;Debit;986;840;96;93,6
23/01/2021;Cabal;Debit;986;986;101318,31;99220,54
23/01/2021;Elo;Chargeback Suspension;986;986;-74870,89;-73300,39
23/01/2021;Elo;Credit;986;986;16104650,25;15798658,95
23/01/2021;Elo;Debit;986;986;92820694,85;91672600,91
23/01/2021;Elo;Recovery of First Presentment;986;986;-3662,03;-3589,45
23/01/2021;Elo;Rejection of First Presentment;986;986;3578;3501,58
23/01/2021;Elo;SecondPresentment Release;986;986;2137,92;2099,61
23/01/2021;Hiper;Chargeback;986;986;-340106,42;-337831,34
23/01/2021;Hiper;Chargeback Suspension;986;986;-275809,16;-273613,48
23/01/2021;Hiper;Credit;986;986;10275768,29;10078531,97
23/01/2021;Hiper;FeeCollection;986;986;-230085,7;-230085,7
23/01/2021;Hiper;SecondPresentment;986;986;34537,14;34180,73
23/01/2021;Hiper;SecondPresentment Release;986;986;31277,63;30812,82
23/01/2021;Mastercard;Chargeback;840;840;-1449,56;-1424,53
23/01/2021;Mastercard;Chargeback;986;986;-693604,71;-684597,2
23/01/2021;Mastercard;Chargeback Suspension;986;986;-785059,66;-774164
23/01/2021;Mastercard;Credit;986;840;953931,06;939446,76
23/01/2021;Mastercard;Credit;986;986;202451660,2;199379063,9
23/01/2021;Mastercard;FeeCollection;986;986;-1333508,32;-1333508,32
23/01/2021;Mastercard;SecondPresentment;840;840;928,09;913,62
23/01/2021;Mastercard;SecondPresentment;840;986;9,19;9,12
23/01/2021;Mastercard;SecondPresentment;986;986;239871,22;236580,3
23/01/2021;Mastercard;SecondPresentment Release;986;986;262415,82;258329,39
23/01/2021;Visa;Chargeback;840;840;-333,52;-328,19
23/01/2021;Visa;Chargeback;986;986;-515412,87;-507384,64
23/01/2021;Visa;Chargeback Suspension;986;986;-395139,51;-387878,76
23/01/2021;Visa;Credit;986;840;1419025,18;1395263,55
23/01/2021;Visa;Credit;986;986;112296683,3;110547822,3
23/01/2021;Visa;Debit;986;840;99347,52;97738,23
23/01/2021;Visa;Debit;986;986;88094593,75;87565285,37
23/01/2021;Visa;SecondPresentment;986;986;23670,49;23259,3
23/01/2021;Visa;SecondPresentment Release;986;986;185517,44;182062
24/01/2021;Amex;Chargeback Suspension;986;986;-22418,57;-21885,63
24/01/2021;Amex;Credit;986;840;144724,15;141829,49
24/01/2021;Amex;Credit;986;986;2963325,15;2897288,51
24/01/2021;Amex;SecondPresentment Release;986;986;149,16;145,72
24/01/2021;Cabal;Credit;986;986;37569,31;36729,13
24/01/2021;Cabal;Debit;986;840;50;48,74
24/01/2021;Cabal;Debit;986;986;84461,03;82627,95
24/01/2021;Elo;Chargeback Suspension;986;986;-21696,77;-21335,18
24/01/2021;Elo;Credit;986;986;11274894,65;11065667,48
24/01/2021;Elo;Debit;986;986;48304430,17;47731568,73
24/01/2021;Elo;Recovery of First Presentment;986;986;-3921,23;-3842,27
24/01/2021;Elo;Rejection of First Presentment;986;986;3459;3387,16
24/01/2021;Elo;SecondPresentment Release;986;986;4366,21;4281,65
24/01/2021;Hiper;Chargeback Suspension;986;986;-576628,84;-573601,78
24/01/2021;Hiper;Credit;986;986;560075,02;557353,62
24/01/2021;Hiper;SecondPresentment Release;986;986;16553,82;16248,16
24/01/2021;Mastercard;Chargeback SMS;986;986;-3789;-3743,53
24/01/2021;Mastercard;Chargeback Suspension;986;986;-357822,36;-353847,7
24/01/2021;Mastercard;Credit;986;986;293713,29;290778,67
24/01/2021;Mastercard;SecondPresentment Release;986;986;64109,07;63069,03
24/01/2021;Visa;Chargeback;840;840;-360,75;-354,87
24/01/2021;Visa;Chargeback;986;986;-208857,76;-205260,41
24/01/2021;Visa;Chargeback Suspension;986;986;-181658,49;-178230,28
24/01/2021;Visa;Credit;986;840;1047561,99;1030124,94
24/01/2021;Visa;Credit;986;986;101504458,4;99966420,85
24/01/2021;Visa;Debit;986;840;71098,06;69958,12
24/01/2021;Visa;Debit;986;986;86637600,11;86127705,5
24/01/2021;Visa;SecondPresentment;840;840;524,28;515,44
24/01/2021;Visa;SecondPresentment;986;986;53223,45;52360,05
24/01/2021;Visa;SecondPresentment Release;986;986;120683,77;118452,9
